,month_year_day,scammer,total_value_to_binance_sum
0,Mon Nov 06 2023 00:00:00 GMT-0300 (Argentina Standard Time),0x37abb3dda6b76890b2c3a2ca4020f14ba2717c24,0.390360825704307
1,Tue Nov 07 2023 00:00:00 GMT-0300 (Argentina Standard Time),0xa32a995a483d6a1c3c3ba3d6a1eb1e0ecf99458d,1.77961001121489
2,Fri Nov 17 2023 00:00:00 GMT-0300 (Argentina Standard Time),0x60a6f55c973e5511888a5e079f1d8f027d010ac4,3.1
3,Wed Nov 08 2023 00:00:00 GMT-0300 (Argentina Standard Time),0x30a7378b1d10ffa663ac7c2fa5f54c0c8fb328ed,4.2
4,Mon Nov 06 2023 00:00:00 GMT-0300 (Argentina Standard Time),0x1df65a6c47efbc7210b65158300c797e1b234171,47.49782342
5,Tue Nov 21 2023 00:00:00 GMT-0300 (Argentina Standard Time),0x41e29c02713929f800419abe5770faa8a5b4dadc,0.9685
6,Fri Nov 03 2023 00:00:00 GMT-0300 (Argentina Standard Time),0xd2aa575460bbc0b079a505e666a0b2a38a5550fe,0.199601540285984
7,Sun Nov 05 2023 00:00:00 GMT-0300 (Argentina Standard Time),0x87edc43c1da8294627acc99759b27d2fbf46c52c,5.7637